hashtag_ID;hashtag_content
1;EauClaire
2;Greta
3;TrumpYourself
4;MDW
5;Arizona
6;MemorialDay
7;WISCONSIN
8;TrumpDallas
9;JimmyFallon
10;1
11;PhilandoCastile
12;Bush
13;WHD
14;RogerStone
15;imwithyou
16;NeverTrump
17;NeverCruz
18;LAflood
19;SuperTuesday
20;jenniferrubin
21;NewDay
22;SB50
23;UtahCaucus
24;LibrarianOfCongress
25;MakeAmericaSafeAgain
26;Elkhart
27;DEPrimary
28;NoMoreSilence
29;ShesWithUs
30;Orlando
31;ThankAVet
32;voteTrump
33;Ford
34;VoteTrumpMI
35;Wausau
36;Fox
37;BuildTheWall
38;RNCInCLE
39;Donald
40;RollCallVote
41;fairandbalancedmyass
42;MakeYoutubeGreatAgain
43;GOPConvention
44;TheTonightShow
45;TeamUSA
46;Statehood
47;Derp
48;TrumpLV
49;BlackWomensEqualPay
50;VoteTrumpWI
51;ElectionDay
52;Frozen
53;MegynKellyPresents
54;ChangeAgents
55;laurencetribe
56;MakeAmericaGreatAgain
57;RosanellEaton
58;AmericaFIRST
59;HaileyPuckett
60;FightForFamilies
61;VotersSpeak
62;ArizonaPrimary
63;DivoDeJuarez
64;NYCPride
65;primary
66;iRegistered
67;With_Cruz_you_lose
68;CrookedHillary
69;ROGERAILES
70;EstoyConElla
71;SecondAmendment
72;DefendtheSecond
73;RNCinCLE
74;fixdemocracyfirst
75;DebateNight
76;TPP
77;ArmyBDay
78;MayDay
79;GIBill
80;Trump
81;media
82;Cruz
83;ADA
84;SuperSaturday
85;GOPDebate
86;DemsInPHL
87;WATCH
88;NationalVoterRegistrationDay
89;LittleMarco
90;trump
91;dtmag
92;iVoted
93;TurnUpToVote
94;RNCINCLE
95;Hannity
96;CommonLaw
97;AlwaysTrump
98;MAKEAMERICAGREATAGAIN
99;MaitnerStrong
100;SayHerName
101;StopCommonCore
102;womancard
103;FAIL
104;taxplan
105;DavidCameron
106;ImWithHer
107;trump2016
108;JuanGabriel
109;Trump360
110;AIPAC2016
111;RIPrimary
112;CNN
113;Mahalo
114;UPUPUP
115;TeamTrump
116;Enough
117;GoldenGlobe
118;Brexit
119;FlashbackFriday
120;INPrimary
121;Clinton
122;NaturalBorn
123;Excellent
124;CitizensUnited
125;MSNBCTownhall
126;EastVillage
127;TrumpPence16
128;polls
129;NATO
130;WIPrimary
131;JuntosSePuede
132;MeetTheTrumps
133;SheWon
134;VoteTrump
135;DemsinPHL
136;InternationalNursesDay
137;SaveElephants
138;veterans
139;Benghazi
140;VoteTrump2016
141;MichaelBrown
142;ArmedForcesDay
143;TRUMP
144;GoodTrouble
145;CommanderInChiefForum
146;TrumpCountry
147;smallbiz
148;MoreInCommon
149;IACaucus
150;VoteTrumpNC
151;Diwali
152;HoustonFlood
153;DonaldTrump
154;UtahPrimary
155;Racine
156;VoterFraud
157;ThanksObama
158;PAPrimary
159;WomensEqualityDay
160;UTCaucus
161;USMC2016
162;IranDeal
163;Charleston9
164;NetNeutrality
165;CA4Trump
166;GO
167;TBT
168;holdthefloor
169;HispanicHeritageMonth
170;UNGA
171;NewHampshire
172;2016
173;sitin
174;Ted
175;Srebrenica
176;Olmstead
177;LyingTed
178;TitleIX
179;GOP
180;CBNNews
181;BrexitVote
182;NHPolitics
183;Imwithyou
184;DDay
185;VoteTrumpSC
186;MSPrimary
187;WCS16
188;StandWithLouisiana
189;enough
190;TrumpForPresident
191;LightweightSenatorMarcoRubio
192;brexit
193;AIDSFreeGeneration
194;MikePence
195;BlacksForTrump
196;VoteTrumpNH
197;MAGA
198;Debates2016
199;Caribbean
200;TrumpIsWithYou
201;HillaryClinton
202;SuperBowlSunday
203;StoptheHate
204;Indiana
205;UAW
206;SouthCarolinaPrimary
207;NoLoyalty
208;MattSchlapp
209;SOTU
210;Utah
211;Brussels
212;Utah4Trump
213;NASCAR
214;MDPrimary
215;TRUMPDOG
216;LaborDay
217;DemConvention
218;RestoreTheVRA
219;HillaryOnCNN
220;TedCruz
221;OHHillYes
222;OnTheRecord
223;NeverHillary
224;Mediafraud
225;CruzFraud
226;MadeInAmerica
227;makersandtakers
228;Politician
229;2A
230;WIBackHer
231;SmallBizWeek
232;vaticanwalls
233;IAPolitics
234;Carrier
235;AmericaFirst
236;DisarmHate
237;HarveyPitt
238;Colbert
239;Rio2016
240;NPS100
241;LGBT
242;TeacherAppreciationDay
243;LoneStarState
244;LawandOrder
245;RiggedSystem
246;RTM2016
247;VoteTrumpIL
248;GOPinCLE
249;DACA
250;WashingtonDC
251;NotOneMore
252;PurpleHeartDay
253;RNCwithBernie
254;LaudatoSi
255;Obamacare
256;goodtrouble
257;WeAreBernie
258;WakeUpAmerica
259;ClintonKaine
260;TrumpSupporters
261;Mexico
262;ISIS
263;AZPrimary
264;Trump4President
265;SouthCarolina
266;AmericaGreatAgain
267;IowaCaucus
268;EarthDay
269;FITN
270;debatenight
271;Wimbledon
272;Trump4Vets
273;SCPrimary
274;election2016
275;WHCD
276;Jonas
277;FoxNews
278;CTPrimary
279;StandTogether
280;RepMikeKelly
281;BikersForTrump
282;UnderstandSlavery
283;StopGunViolence
284;OpioidAwarenessWeek
285;WattersWorld
286;RobotRubio
287;CAPrimary
288;KentuckyDerby
289;NeverDems
290;DemsInPhilly
291;imwithher
292;EndCommonCore
293;CoastGuardDay
294;SallyRideDay
295;DNC
296;JohnRyder
297;YUGE
298;NeverForget
299;Iowa
300;StrongerTogether
301;YouthDay
302;MSM
303;GOPdebate
304;MichaelMoore
305;gunviolence
306;ORPrimary
307;FallonTonight
308;Pulse
309;DNCinPHL
310;AZ
311;NABJNAHJ16
312;WesternTuesday
313;NoBillNoBreak
314;slipping
315;60Minutes
316;ICYMI
317;LoveTrumpsHate
318;WOMEN4TRUMP
319;makeamericagreatagain
320;Prince
321;MyTeacherIsWeird
322;VoterRegistrationDay
323;GunViolence
324;WorldRefugeeDay
325;CommonCore
326;OpeningCeremony
327;POTUS
328;LeadRight2016
329;APAHM
330;TRUMP2016
331;Mormon
332;Enjoy
333;VoteTrumpMA
334;LaurenceTribe
335;extremevetting
336;ugpride2016
337;OrlandoUnited
338;NewYorkValues
339;debate
340;KenLangone
341;Debate
342;Filibuster
343;VoteTrumpVT
344;Teachers4Trump
345;NYPrimary
346;VoteTrumpNY
347;SCOTUS
348;ImWithHernandez
349;DemPlatform
350;ImWithYou
351;MothersoftheMovement
352;NVcaucus
353;NBCNewsForum
354;TrumpinEverett
355;CincoDeMayo
356;WH
357;Jobs
358;Rubio
359;GPLFers
360;TrumpWon
361;ObamaCare
362;WestVirginia
363;HillaryOnGMA
364;Women4Ttump
365;Decision2016
366;UT
367;VoteTrumpNV
368;BlackMenForBernie
369;NebraskaPrimary
370;WeWantTrump
371;AsLongAsItTakes
372;MorningJoe
373;Hillary2016
374;HRC4PA
375;LESM
376;Wisconsin
377;LSSC
378;DemocraticSitIn
379;CreatorsAskHRC
380;Polls
381;NevadaCaucus
382;campaignfinance
383;FNS
384;FeelTheBern
385;CaucusForTrump
386;CripTheVote
387;sendDonaldtospace
388;WORK
389;USA
390;AmericanSamoa
391;MadeForHistory
392;KansasCaucus
393;TerenceCrutcher
394;NAACP107
395;RIP
396;EndGunViolence
397;RNC
398;ActOnClimate
399;WheresHillary
400;presidenttrump
401;ALConvention2016
402;HillaryKaine2016
403;NHPrimary
404;ECONOMY
405;INDPrimary
406;WeMadeHistory
407;DeclareYourAmbition
408;NeilCavuto
409;FirstInPOTUS
410;NewYork
411;DemsinPhilly
412;VirWINia
413;MothersDay
414;TrumpMovement
415;KhizrKhan
416;StanleyCup
417;TrumpPence2016
418;MaryBrigidMcManamon
419;TrumpTrain
420;Laurence
421;PrimaryDay
422;Turkey
423;TrumpWaikiki
424;WomanCard
425;TheDonald
426;WeTrumpHate
427;HistoryMade
428;Trump2016
429;TrumpNV
