hashtag_id;hashtag_content
1;Ted
2;LightweightSenatorMarcoRubio
3;TrumpYourself
4;Charleston9
5;Enjoy
6;CreatorsAskHRC
7;LyingTed
8;Decision2016
9;ArizonaPrimary
10;WeMadeHistory
11;StanleyCup
12;ObamaCare
13;CruzFraud
14;Frozen
15;AIPAC2016
16;CTPrimary
17;NotOneMore
18;RTM2016
19;ShesWithUs
20;DonaldTrump
21;KenLangone
22;WakeUpAmerica
23;voteTrump
24;ImWithYou
25;veterans
26;CrookedHillary
27;RNCInCLE
28;NVcaucus
29;Statehood
30;WIBackHer
31;GOPConvention
32;ImWithHernandez
33;Brexit
34;DDay
35;MaitnerStrong
36;Indiana
37;CripTheVote
38;WheresHillary
39;BuildTheWall
40;Excellent
41;SallyRideDay
42;fairandbalancedmyass
43;Cruz
44;SOTU
45;iRegistered
46;Wausau
47;AmericaGreatAgain
48;CAPrimary
49;Trump360
50;TrumpForPresident
51;GPLFers
52;NASCAR
53;holdthefloor
54;DeclareYourAmbition
55;2A
56;Olmstead
57;1
58;UPUPUP
59;DefendtheSecond
60;ActOnClimate
61;TRUMP2016
62;VoteTrump
63;Donald
64;iVoted
65;SCOTUS
66;NYCPride
67;LawandOrder
68;Mediafraud
69;IranDeal
70;Diwali
71;brexit
72;BikersForTrump
73;YUGE
74;TrumpIsWithYou
75;ClintonKaine
76;RIPrimary
77;CitizensUnited
78;AZ
79;RiggedSystem
80;RNCINCLE
81;ThanksObama
82;NewYork
83;NeverHillary
84;MDPrimary
85;GOPDebate
86;StrongerTogether
87;Srebrenica
88;vaticanwalls
89;RollCallVote
90;smallbiz
91;makeamericagreatagain
92;RNCwithBernie
93;ECONOMY
94;SecondAmendment
95;ugpride2016
96;TrumpWon
97;CommonCore
98;CBNNews
99;NewHampshire
100;NoMoreSilence
101;NevadaCaucus
102;INDPrimary
103;DNC
104;CA4Trump
105;WIPrimary
106;CaucusForTrump
107;Derp
108;Brussels
109;HRC4PA
110;WeTrumpHate
111;TrumpPence2016
112;InternationalNursesDay
113;VoteTrumpNC
114;Imwithyou
115;LibrarianOfCongress
116;TrumpMovement
117;USMC2016
118;WORK
119;Benghazi
120;LaudatoSi
121;election2016
122;HillaryOnCNN
123;Carrier
124;ICYMI
125;YouthDay
126;NewDay
127;VoteTrumpNH
128;LoneStarState
129;PurpleHeartDay
130;DavidCameron
131;UTCaucus
132;TrumpWaikiki
133;LoveTrumpsHate
134;trump
135;WashingtonDC
136;Trump
137;MorningJoe
138;SB50
139;primary
140;TPP
141;KhizrKhan
142;60Minutes
143;RNCinCLE
144;OnTheRecord
145;MakeAmericaGreatAgain
146;media
147;jenniferrubin
148;AmericanSamoa
149;MAGA
150;NATO
151;MeetTheTrumps
152;Laurence
153;Rio2016
154;NewYorkValues
155;PAPrimary
156;Bush
157;BrexitVote
158;JimmyFallon
159;VoterFraud
160;gunviolence
161;Filibuster
162;SheWon
163;IACaucus
164;RosanellEaton
165;GOPdebate
166;TRUMP
167;DisarmHate
168;Mexico
169;MadeInAmerica
170;VirWINia
171;WeAreBernie
172;WHD
173;LaborDay
174;slipping
175;EauClaire
176;ChangeAgents
177;MattSchlapp
178;Mormon
179;WHCD
180;DemPlatform
181;JuanGabriel
182;makersandtakers
183;NoLoyalty
184;EstoyConElla
185;NeverCruz
186;VoteTrumpVT
187;GunViolence
188;MayDay
189;NeilCavuto
190;MSPrimary
191;UtahCaucus
192;UAW
193;WesternTuesday
194;HaileyPuckett
195;CNN
196;GoldenGlobe
197;dtmag
198;Mahalo
199;laurencetribe
200;HarveyPitt
201;SuperTuesday
202;ThankAVet
203;Trump4President
204;AZPrimary
205;HoustonFlood
206;ALConvention2016
207;FAIL
208;goodtrouble
209;polls
210;WeWantTrump
211;TrumpCountry
212;MichaelMoore
213;WorldRefugeeDay
214;TeacherAppreciationDay
215;CommanderInChiefForum
216;NetNeutrality
217;HillaryClinton
218;LaurenceTribe
219;NBCNewsForum
220;APAHM
221;With_Cruz_you_lose
222;ArmyBDay
223;debate
224;imwithyou
225;VotersSpeak
226;TheTonightShow
227;MothersoftheMovement
228;DemConvention
229;TerenceCrutcher
230;RogerStone
231;UnderstandSlavery
232;NebraskaPrimary
233;womancard
234;PhilandoCastile
235;ArmedForcesDay
236;Arizona
237;MakeAmericaSafeAgain
238;AIDSFreeGeneration
239;ROGERAILES
240;RepMikeKelly
241;HillaryKaine2016
242;WomanCard
243;TheDonald
244;RobotRubio
245;UNGA
246;OpeningCeremony
247;TrumpLV
248;WISCONSIN
249;Utah
250;TitleIX
251;EarthDay
252;sitin
253;Teachers4Trump
254;DemsInPhilly
255;MichaelBrown
256;FITN
257;BlacksForTrump
258;MAKEAMERICAGREATAGAIN
259;BlackMenForBernie
260;AmericaFIRST
261;IAPolitics
262;Jonas
263;WattersWorld
264;AlwaysTrump
265;TrumpSupporters
266;MakeYoutubeGreatAgain
267;VoteTrumpIL
268;taxplan
269;HillaryOnGMA
270;Utah4Trump
271;GoodTrouble
272;Greta
273;TedCruz
274;MyTeacherIsWeird
275;DNCinPHL
276;Elkhart
277;EastVillage
278;VoterRegistrationDay
279;Hannity
280;NoBillNoBreak
281;Clinton
282;GOP
283;trump2016
284;DEPrimary
285;FlashbackFriday
286;DivoDeJuarez
287;NHPolitics
288;Hillary2016
289;FeelTheBern
290;ORPrimary
291;MDW
292;TBT
293;Debate
294;Jobs
295;IowaCaucus
296;MemorialDay
297;TrumpTrain
298;WomensEqualityDay
299;TrumpPence16
300;SaveElephants
301;ElectionDay
302;DemsInPHL
303;UT
304;CoastGuardDay
305;WCS16
306;NAACP107
307;NeverForget
308;campaignfinance
309;DACA
310;PrimaryDay
311;Racine
312;KansasCaucus
313;LittleMarco
314;HistoryMade
315;TeamTrump
316;FNS
317;GIBill
318;EndGunViolence
319;TrumpDallas
320;NHPrimary
321;VoteTrumpWI
322;Women4Ttump
323;OHHillYes
324;SouthCarolina
325;NationalVoterRegistrationDay
326;TurnUpToVote
327;presidenttrump
328;VoteTrumpNY
329;Iowa
330;enough
331;LAflood
332;Wisconsin
333;DebateNight
334;SCPrimary
335;UtahPrimary
336;NeverTrump
337;NYPrimary
338;HispanicHeritageMonth
339;FightForFamilies
340;ADA
341;StopCommonCore
342;AmericaFirst
343;TrumpinEverett
344;MothersDay
345;GO
346;MaryBrigidMcManamon
347;MegynKellyPresents
348;MikePence
349;WOMEN4TRUMP
350;LSSC
351;AsLongAsItTakes
352;Prince
353;FallonTonight
354;StopGunViolence
355;VoteTrumpSC
356;VoteTrump2016
357;LESM
358;DemsinPhilly
359;USA
360;MSNBCTownhall
361;Trump4Vets
362;StoptheHate
363;JohnRyder
364;VoteTrumpMA
365;Enough
366;Ford
367;Fox
368;imwithher
369;DemsinPHL
370;CommonLaw
371;2016
372;TrumpNV
373;Obamacare
374;RNC
375;MoreInCommon
376;JuntosSePuede
377;Rubio
378;POTUS
379;NPS100
380;NeverDems
381;NABJNAHJ16
382;NaturalBorn
383;FoxNews
384;Orlando
385;Turkey
386;SayHerName
387;StandTogether
388;SmallBizWeek
389;FirstInPOTUS
390;OrlandoUnited
391;WestVirginia
392;WATCH
393;MadeForHistory
394;CincoDeMayo
395;Colbert
396;Caribbean
397;fixdemocracyfirst
398;TeamUSA
399;WH
400;VoteTrumpNV
401;KentuckyDerby
402;SuperSaturday
403;Polls
404;Wimbledon
405;ISIS
406;Pulse
407;MSM
408;ImWithHer
409;VoteTrumpMI
410;SuperBowlSunday
411;INPrimary
412;debatenight
413;LeadRight2016
414;SouthCarolinaPrimary
415;GOPinCLE
416;BlackWomensEqualPay
417;Trump2016
418;RestoreTheVRA
419;DemocraticSitIn
420;Politician
421;extremevetting
422;RIP
423;OpioidAwarenessWeek
424;TRUMPDOG
425;StandWithLouisiana
426;sendDonaldtospace
427;LGBT
428;EndCommonCore
429;Debates2016
